Page Number,Row Index,0,1,2,3,4,5,6,7,8,9,10,11,12,13,14,15,16,17,18,19,20,21,22,23
1,1,District,Schedule,,,,,,,,,,,,,,,,,,,,,,
1,2,1,INTENT,AND,OVERVIEW,,,,,,,,,,,,,,,,,,,,
1,3,1.1,Intent,,,,,,,,,,,,,,,,,,,,,,
1,4,The,intent,of,this,Residential,Inclusive,district,schedule,is,to,enable,a,variety,of,small-scale,housing,,,,,,,,
1,5,options,while,retaining,the,single,lot,character,of,the,area.,Housing,options,include,multiple,dwelling,s,,,,,,,,
1,6,(“multiplex”,up,to,6,dwelling,"units,",or,up,to,8,rental,dwelling,"units),",duplexes,and,single,detached,houses.,,,,,,
1,7,Duplexes,may,include,additional,dwelling,units,such,as,secondary,suites,and,lock-off,"units,",and,single,,,,,,,,,
1,8,detached,houses,may,include,additional,dwelling,units,such,as,secondary,suites,and,laneway,houses.,,,,,,,,,,
1,9,Retention,of,character,houses,is,encouraged,by,permitting,infill,and,multiple,conversion,dwelling,s,where,a,,,,,,,,
1,10,character,house,is,retained.,,,,,,,,,,,,,,,,,,,,
1,11,Without,"limitation,",applicable,Council,policies,and,guidelines,for,consideration,include,the,Guidelines,for,,,,,,,,,,,
1,12,"Additions,",Infill,and,Multiple,Conversion,Dwelling,in,"the,",RT,-7,and,RT-9,Zones,and,Flood,Plain,,,,,,,,
1,13,Standards,and,Requirements.,,,,,,,,,,,,,,,,,,,,,
1,14,1.2,Overview,,,,,,,,,,,,,,,,,,,,,,
1,15,The,table,below,provides,an,overview,of,the,outright,and,conditional,approval,uses,in,the,"district,",,,,,,,,
1,16,categorized,by,the,minimum,site,area,"required,",where,applicable.,Applicable,"density,",form,and,placement,,,,,,,,,,
1,17,regulations,in,section,3,of,this,schedule,are,cross-referenced,in,the,third,column.,,,,,,,,,,,
1,18,Minimum,,,,,,,,,,,,,,,,,,,,,,,
1,19,Site,Area,,,,,,,,,,,,,,,,,,,,,,
1,20,Use,,,,,,,,,,,,,,,,,,,,,,,
1,21,"Density,",Form,,,,,,,,,,,,,,,,,,,,,,
1,22,and,Placement,,,,,,,,,,,,,,,,,,,,,,
1,23,Regulations,,,,,,,,,,,,,,,,,,,,,,,
1,24,557,m2,Multiple,dwelling,containing,"6,",7,or,8,dwelling,units,3.1,,,,,,,,,,,,
1,25,464,m2,Multiple,dwelling,containing,5,dwelling,units,3.1,,,,,,,,,,,,,,,
1,26,306,m2,Multiple,dwelling,containing,3,or,4,dwelling,units,3.1,,,,,,,,,,,,,
1,27,Duplex,or,Duplex,with,Secondary,Suite,3.2,,,,,,,,,,,,,,,,,
1,28,Single,Detached,House,or,Single,Detached,House,with,,,,,,,,,,,,,,,,
1,29,Secondary,Suite3.2,,,,,,,,,,,,,,,,,,,,,,
1,30,--,Other,uses,in,section,2.1,of,this,schedule,3.2,,,,,,,,,,,,,,
2,31,2,USE,REGULATIONS,,,,,,,,,,,,,,,,,,,,,
2,32,2.1,Outright,and,Conditional,Approval,Uses,,,,,,,,,,,,,,,,,,
2,33,All,outright,and,conditional,approval,uses,are,subject,to,all,other,provisions,of,this,"by-law,",including,,,,,,,,
2,34,Section,"2,",Section,10,and,Section,"11,",and,compliance,with,the,regulations,of,this,schedule,including,,,,,,,,
2,35,section,2.2.,,,,,,,,,,,,,,,,,,,,,,
2,36,The,uses,identified,in,the,table,below,as,outright,approval,uses,are,permitted,in,this,district,and,will,be,,,,,
2,37,issued,a,permit.,,,,,,,,,,,,,,,,,,,,,
2,38,The,uses,identified,in,the,table,below,as,conditional,approval,uses,may,be,approved,in,this,district,by,,,,,,
2,39,the,Director,of,"Planning,",with,or,without,"conditions,",if,the,Director,of,Planning,considers,the,intent,of,this,,,,,,
2,40,schedule,and,all,applicable,Council,policies,and,guidelines.,,,,,,,,,,,,,,,,
2,41,Uses,are,listed,under,their,general,land,use,category.,Applicable,use-specific,regulations,in,section,2.2,,,,,,,,,
2,42,of,this,schedule,are,cross-referenced,in,the,third,column.,Cross-references,to,applicable,use-specific,,,,,,,,,,,
2,43,regulations,are,provided,for,information,purposes,only,and,do,not,form,part,of,this,by-law.,,,,,,,,,
2,44,Use,Approval,,,,,,,,,,,,,,,,,,,,,,
2,45,Use-Specific,,,,,,,,,,,,,,,,,,,,,,,
2,46,Regulations,,,,,,,,,,,,,,,,,,,,,,,
2,47,Agricultural,Uses,,,,,,,,,,,,,,,,,,,,,,
2,48,Urban,Farm,-,Class,A,Conditional,,,,,,,,,,,,,,,,,,
2,49,Cultural,and,Recreational,Uses,,,,,,,,,,,,,,,,,,,,
2,50,Comm,unity,Centre,or,Neighbourhood,House,Conditional,,,,,,,,,,,,,,,,,
2,51,Golf,Course,or,Driving,Range,Conditional,,,,,,,,,,,,,,,,,,
2,52,"Library,",in,combination,with,Comm,unity,Centre,Conditional,,,,,,,,,,,,,,,,
2,53,Marina,Conditional,,,,,,,,,,,,,,,,,,,,,,
2,54,Park,or,Playground,Conditional,,,,,,,,,,,,,,,,,,,,
2,55,Stadium,or,Arena,Conditional,,,,,,,,,,,,,,,,,,,,
2,56,Zoo,or,Botanical,Garden,Conditional,,,,,,,,,,,,,,,,,,,
2,57,Dwelling,Uses,,,,,,,,,,,,,,,,,,,,,,
2,58,Duplex,Outright,,,,,,,,,,,,,,,,,,,,,,
2,59,Duplex,with,Secondary,Suite,"Conditional2.2.1,","2.2.2,",,,,,,,,,,,,,,,,,,
2,60,2.2.3,,,,,,,,,,,,,,,,,,,,,,,
2,61,"Infill,",in,combination,with,the,retention,of,a,character,house,Conditional,"2.2.1,",2.2.2,,,,,,,,,,,
2,62,"Infill,",existing,as,of,October,"17,",2023,Conditional,,,,,,,,,,,,,,,,
2,63,Laneway,House,"Conditional2.2.1,","2.2.2,",,,,,,,,,,,,,,,,,,,,
2,64,2.2.4,,,,,,,,,,,,,,,,,,,,,,,
2,65,Mixed-Use,Residential,Building,Conditional,2.2.5,,,,,,,,,,,,,,,,,,,
2,66,Multiple,Conversion,"Dwelling,",resulting,from,the,conversion,of,a,,,,,,,,,,,,,,,
2,67,character,house,"Conditional2.2.1,","2.2.2,",,,,,,,,,,,,,,,,,,,,
2,68,2.2.6,,,,,,,,,,,,,,,,,,,,,,,
3,69,Use,Approval,,,,,,,,,,,,,,,,,,,,,,
3,70,Use-Specific,,,,,,,,,,,,,,,,,,,,,,,
3,71,Regulations,,,,,,,,,,,,,,,,,,,,,,,
3,72,Multiple,Conversion,"Dwelling,",existing,as,of,October,"17,",2023,Conditional,,,,,,,,,,,,,,
3,73,Multiple,"Dwelling,",containing,no,more,than,8,dwelling,units,"Conditional2.2.1,","2.2.2,",,,,,,,,,,,,,
3,74,"2.2.7,","2.2.8,",,,,,,,,,,,,,,,,,,,,,,
3,75,"2.2.9,",2.2.10,,,,,,,,,,,,,,,,,,,,,,
3,76,Principal,Dwelling,Unit,with,Lock-Off,Unit,Conditional,2.2.11,,,,,,,,,,,,,,,,
3,77,Seniors,Supportive,or,Assisted,Housing,Conditional,,,,,,,,,,,,,,,,,,
3,78,Single,Detached,House,Outright,,,,,,,,,,,,,,,,,,,,
3,79,Single,Detached,House,with,Secondary,Suite,Conditional,"2.2.1,",2.2.2,,,,,,,,,,,,,,,
3,80,Single,Detached,House,in,combination,with,another,Single,,,,,,,,,,,,,,,,
3,81,Detached,"House,",existing,as,of,October,"17,",2023,Conditional,,,,,,,,,,,,,,,
3,82,Institutional,Uses,,,,,,,,,,,,,,,,,,,,,,
3,83,Ambulance,Station,Conditional,,,,,,,,,,,,,,,,,,,,,
3,84,Child,Day,Care,Facility,Conditional,,,,,,,,,,,,,,,,,,,
3,85,Church,Conditional,,,,,,,,,,,,,,,,,,,,,,
3,86,Comm,unity,Care,Facility,-,Class,A,Outright,2.2.12,,,,,,,,,,,,,,,
3,87,Comm,unity,Care,Facility,-,Class,B,Conditional,,,,,,,,,,,,,,,,
3,88,Group,Residence,Conditional,,,,,,,,,,,,,,,,,,,,,
3,89,Hospital,Conditional,,,,,,,,,,,,,,,,,,,,,,
3,90,Public,Authority,"Use,",essential,in,this,district,Conditional,,,,,,,,,,,,,,,,
3,91,School,-,Elementary,or,Secondary,Conditional,,,,,,,,,,,,,,,,,,
3,92,Social,Service,Centre,Conditional,,,,,,,,,,,,,,,,,,,,
3,93,Office,Uses,,,,,,,,,,,,,,,,,,,,,,
3,94,Temporary,Sales,Office,Conditional,,,,,,,,,,,,,,,,,,,,
3,95,Parking,Uses,,,,,,,,,,,,,,,,,,,,,,
3,96,Parking,"Area,",ancillary,to,a,principal,use,on,an,adjacent,site,Conditional,,,,,,,,,,,,
3,97,Retail,Uses,,,,,,,,,,,,,,,,,,,,,,
3,98,Farmers’,Market,Conditional,2.2.13,,,,,,,,,,,,,,,,,,,,
3,99,Neighbourhood,Grocery,Store,Conditional,,,,,,,,,,,,,,,,,,,,
3,100,Public,Bike,Share,Conditional,,,,,,,,,,,,,,,,,,,,
3,101,Shared,E-Scooter,System,Conditional,,,,,,,,,,,,,,,,,,,,
3,102,Service,Uses,,,,,,,,,,,,,,,,,,,,,,
3,103,Bed,and,Breakfast,Accommodation,Conditional,,,,,,,,,,,,,,,,,,,
3,104,Short,Term,Rental,Accommodation,Conditional,,,,,,,,,,,,,,,,,,,
3,105,Utility,and,Communication,Uses,,,,,,,,,,,,,,,,,,,,
4,106,Use,Approval,,,,,,,,,,,,,,,,,,,,,,
4,107,Use-Specific,,,,,,,,,,,,,,,,,,,,,,,
4,108,Regulations,,,,,,,,,,,,,,,,,,,,,,,
4,109,Public,Utility,Conditional,,,,,,,,,,,,,,,,,,,,,
4,110,uncategorized,,,,,,,,,,,,,,,,,,,,,,,
4,111,Accessory,"Buildings,",customarily,ancillary,to,any,use,listed,in,this,,,,,,,,,,,,,,
4,112,section,2.1,Outright,2.2.14,,,,,,,,,,,,,,,,,,,,
4,113,Accessory,"Buildings,",customarily,ancillary,to,any,use,listed,in,this,,,,,,,,,,,,,,
4,114,section,2.1,and,not,permitted,as,an,outright,approval,use,,,,,,,,,,,,,,
4,115,Conditional,,,,,,,,,,,,,,,,,,,,,,,
4,116,Accessory,"Uses,",customarily,ancillary,to,any,outright,approval,use,,,,,,,,,,,,,,,
4,117,listed,in,this,section,2.1,Outright,2.2.15,,,,,,,,,,,,,,,,,
4,118,Accessory,"Uses,",customarily,ancillary,to,any,conditional,approval,,,,,,,,,,,,,,,,
4,119,use,listed,in,this,section,2.1,Conditional,,,,,,,,,,,,,,,,,
4,120,Deposition,or,extraction,of,"material,",which,alters,the,configuration,of,,,,,,,,,,,,,,
4,121,the,land,,,,,,,,,,,,,,,,,,,,,,
4,122,Conditional,,,,,,,,,,,,,,,,,,,,,,,
4,123,2.2,Use-Specific,Regulations,,,,,,,,,,,,,,,,,,,,,
4,124,2.2.1,A,new,multiple,"dwelling,",duplex,with,secondary,"suite,",single,detached,house,with,secondary,"suite,",,,,,,,,,
4,125,laneway,"house,",infill,in,combination,with,the,retention,of,a,character,"house,",or,multiple,conversion,dwelling,,,,,,,,
4,126,resulting,from,the,conversion,of,a,character,house,may,only,be,permitted,if:,,,,,,,,,,,
4,127,(a),on,a,site,less,than,15.,1,m,in,"width,",a,minimum,of,1,existing,tree,located,in,the,front,yard,is,retained
4,128,"or,",where,an,existing,tree,in,the,front,yard,cannot,be,retained,or,where,there,are,no,existing,trees,in,,,,
4,129,the,front,"yard,",a,minimum,of,1,tree,is,planted,in,the,front,yard;,and,,,,,,,,,
4,130,(b),on,a,site,15.,1,m,in,width,or,"wider,",a,minimum,of,2,existing,trees,located,in,the,front,yard,of,the
4,131,site,are,retained,"or,",where,an,existing,tree,in,the,front,yard,cannot,be,retained,or,where,there,are,,,,,
4,132,no,existing,trees,in,the,front,"yard,",a,minimum,of,1,tree,in,the,case,where,1,existing,tree,could,be,,,
4,133,"retained,",or,2,trees,in,the,case,where,no,trees,could,be,retained,or,there,were,no,existing,"trees,",are,,,,
4,134,planted,in,the,front,"yard,",,,,,,,,,,,,,,,,,,,
4,135,except,that,for,a,site,without,access,to,a,"lane,",the,Director,of,Planning,may,vary,any,requirement,in,this,,,,
4,136,section,2.2.1.,,,,,,,,,,,,,,,,,,,,,,
4,137,2.2.2,For,the,purposes,of,fulfilling,the,requirements,of,section,2.2.1,above:,,,,,,,,,,,,
4,138,(a),existing,trees,that,are,retained,must,have,a,trunk,or,stem,the,diameter,of,"which,",or,2,or,more,trunks,,,
4,139,or,stems,the,combined,diameter,of,the,2,or,3,largest,trunks,or,stems,of,"which,",measured,1.,4,m,above,,,
4,140,the,existing,grade,of,the,ground,adjoining,its,"base,",is,20,cm,or,more;,and,,,,,,,,,
4,141,(b),for,each,tree,that,must,be,"planted,",any,of,the,following,may,be,planted:,,,,,,,,,
4,142,(i),1,tree,as,described,in,Part,1,of,Schedule,D,of,the,Protection,of,Trees,"By-law,",,,,,,,
5,143,(ii),2,trees,as,described,in,Part,2,of,Schedule,D,of,the,Protection,of,Trees,"By-law,",or,,,,,,
5,144,(iii),a,tree,or,trees,acceptable,to,the,Director,of,"Planning,",,,,,,,,,,,,,
5,145,except,that,in,the,case,of,a,sloping,"site,",1,tree,as,described,in,Part,2,of,Schedule,D,of,the,Protection,,
5,146,of,Trees,By-law,may,be,planted.,,,,,,,,,,,,,,,,,,
5,147,2.2.3,Duplex,with,secondary,suite,must,have,no,more,than,1,secondary,suite,for,each,dwelling,unit.,,,,,,,
5,148,2.2.4,Laneway,house,is,regulated,by,Section,11,of,this,by-law,and,sections,3,and,4,of,this,schedule,do,not,,,
5,149,apply.,,,,,,,,,,,,,,,,,,,,,,,
5,150,2.2.5,The,only,non-,dwelling,use,permitted,in,a,mixed-use,residential,building,is,neighbourhood,grocery,store.,,,,,,,,
5,151,2.2.6,Multiple,conversion,dwelling,resulting,from,the,conversion,of,a,character,"house,",may,be,permitted,if,it,,,,,,,
5,152,contains,no,housekeeping,or,sleeping,units.,,,,,,,,,,,,,,,,,,
5,153,2.2.7,Multiple,dwelling,containing,7,or,8,dwelling,units,is,only,permitted,where,all,of,the,dwelling,units,are,non-,,,,
5,154,stratified,and,secured,as,residential,rental,tenure.,,,,,,,,,,,,,,,,,
5,155,2.2.8,Multiple,dwelling,is,only,permitted,on,a,site,that:,,,,,,,,,,,,,,
5,156,(a),consists,of,a,single,lot,on,record,in,the,Land,Title,Office:,,,,,,,,,,,
5,157,(i),prior,to,October,"17,","2023,",or,,,,,,,,,,,,,,,,,
5,158,(ii),created,by,subdivision;,,,,,,,,,,,,,,,,,,,,
5,159,(b),provides,vehicular,access,from,the,rear,of,the,site;,and,,,,,,,,,,,,,
5,160,(c),is,not,located,partially,or,fully,within,a,designated,flood,plain.,,,,,,,,,,,,
5,161,2.2.9,Multiple,dwelling,s,containing,the,number,of,dwelling,units,specified,in,the,first,column,below,must,have,,,,,,
5,162,a,minimum,number,of,dwelling,units,with,2,or,more,bedrooms,according,to,the,second,or,third,column,,,,,,
5,163,below:,,,,,,,,,,,,,,,,,,,,,,,
5,164,Number,of,dwelling,units,,,,,,,,,,,,,,,,,,,,
5,165,Multiple,dwelling,s,where,,,,,,,,,,,,,,,,,,,,
5,166,all,of,the,dwelling,units,,,,,,,,,,,,,,,,,,,
5,167,except,a,dwelling,unit,,,,,,,,,,,,,,,,,,,,
5,168,occupied,by,a,registered,,,,,,,,,,,,,,,,,,,,
5,169,owner,are,secured,as,,,,,,,,,,,,,,,,,,,,
5,170,residential,rental,tenure,All,other,,,,,,,,,,,,,,,,,,,
5,171,multiple,,,,,,,,,,,,,,,,,,,,,,,
5,172,dwelling,s,,,,,,,,,,,,,,,,,,,,,,
5,173,Multiple,dwelling,containing,3,dwelling,units,1,dwelling,unit,2,dwelling,units,,,,,,,,,,,,
5,174,Multiple,dwelling,containing,4,dwelling,units,1,dwelling,unit,2,dwelling,units,,,,,,,,,,,,
5,175,Multiple,dwelling,containing,5,dwelling,units,2,dwelling,units,3,dwelling,units,,,,,,,,,,,,
5,176,Multiple,dwelling,containing,6,dwelling,units,2,dwelling,units,3,dwelling,units,,,,,,,,,,,,
6,177,Multiple,dwelling,containing,7,dwelling,units,2,dwelling,units,Not,applicable,,,,,,,,,,,,,
6,178,Multiple,dwelling,containing,8,dwelling,units,3,dwelling,units,Not,applicable,,,,,,,,,,,,,
6,179,2.2.10,For,multiple,"dwelling,",the,Director,of,Planning,may,permit,more,than,1,principal,building,on,a,"site,",if,the,,,,
6,180,Director,of,Planning,considers,the,intent,of,this,schedule,and,all,applicable,Council,policies,and,guidelines.,,,,,,,,
6,181,2.2.11,Principal,dwelling,unit,with,lock-off,unit,may,be,permitted,only,in:,,,,,,,,,,,,
6,182,(a),a,duplex,and,there,may,be,no,more,than,1,lock-off,unit,for,each,dwelling,unit;,and,,,,,,
6,183,(b),a,duplex,with,secondary,suite,if,there,is,only,1,secondary,suite,and,only,1,lock-off,"unit,",and,the,lock-,,,
6,184,off,unit,is,in,the,dwelling,unit,without,a,secondary,suite.,,,,,,,,,,,,,
6,185,2.2.12,Comm,unity,care,facility,-,class,A,is,subject,to,the,"regulations,",variations,and,relaxations,that,apply,to,single,,,,
6,186,detached,house.,,,,,,,,,,,,,,,,,,,,,,
6,187,2.2.13,Farmers’,market,may,be,permitted,if,the,Director,of,Planning,considers,the,appropriateness,of,the,use,,,,,,,
6,188,with,respect,to,compatibility,with,nearby,"sites,","parking,","traffic,","noise,",hours,of,"operation,",size,of,facility,and,,,,,,,
6,189,pedestrian,amenity.,,,,,,,,,,,,,,,,,,,,,,
6,190,2.2.14,Accessory,buildings,customarily,ancillary,to,any,use,listed,in,section,2.1,of,this,schedule,are,permitted,as,,,,,,
6,191,an,outright,approval,use,if:,,,,,,,,,,,,,,,,,,,
6,192,(a),no,accessory,building,exceeds,a,,,,,,,,,,,,,,,,,,
6,193,building,height,of,4.6,m;,,,,,,,,,,,,,,,,,,,
6,194,(b),all,accessory,buildings,are,located:,,,,,,,,,,,,,,,,,,
6,195,(i),in,the,rear,"yard,",,,,,,,,,,,,,,,,,,,
6,196,(ii),at,least,3.,1,m,from,the,ultimate,,,,,,,,,,,,,,,
6,197,centre,line,of,any,rear,or,flanking,,,,,,,,,,,,,,,,,
6,198,"lane,",and,,,,,,,,,,,,,,,,,,,,,,
6,199,(iii),at,least,0.,6,m,from,the,ultimate,,,,,,,,,,,,,,,
6,200,rear,property,line;,and,,,,,,,,,,,,,,,,,,,,
6,201,(c),the,total,floor,area,of,all,accessory,,,,,,,,,,,,,,,,
6,202,"buildings,",measured,to,the,extreme,,,,,,,,,,,,,,,,,,,
6,203,outer,limits,of,the,"building,",does,not,,,,,,,,,,,,,,,,,
6,204,exceed,48,m2.,,,,,,,,,,,,,,,,,,,,,
6,205,2.2.15,Accessory,parking,spaces,customarily,,,,,,,,,,,,,,,,,,,
6,206,ancillary,to,any,outright,approval,use,listed,in,,,,,,,,,,,,,,,,
6,207,section,2.1,of,this,schedule,must,comply,with,,,,,,,,,,,,,,,,
6,208,the,provisions,of,section,2.2.14(b),above.,,,,,,,,,,,,,,,,,,
6,209,CL,,,,,,,,,,,,,,,,,,,,,,,
6,210,Street,,,,,,,,,,,,,,,,,,,,,,,
6,211,Lane,,,,,,,,,,,,,,,,,,,,,,,
6,212,FS,S/gid0,0051,,,,,,,,,,,,,,,,,,,,,
6,213,CL,Centre,line,,,,,,,,,,,,,,,,,,,,,
6,214,R,Rear,yard,,,,,,,,,,,,,,,,,,,,,
6,215,S,Side,yard,,,,,,,,,,,,,,,,,,,,,
6,216,F,Front,yard,,,,,,,,,,,,,,,,,,,,,
6,217,Property,line,,,,,,,,,,,,,,,,,,,,,,
6,218,Distance,from,,,,,,,,,,,,,,,,,,,,,,
6,219,ultimate,centre,,,,,,,,,,,,,,,,,,,,,,
6,220,line,of,lane,,,,,,,,,,,,,,,,,,,,,
6,221,Principal,,,,,,,,,,,,,,,,,,,,,,,
6,222,building,,,,,,,,,,,,,,,,,,,,,,,
6,223,Accessory,,,,,,,,,,,,,,,,,,,,,,,
6,224,building,,,,,,,,,,,,,,,,,,,,,,,
6,225,Distance,from,,,,,,,,,,,,,,,,,,,,,,
6,226,ultimate,rear,,,,,,,,,,,,,,,,,,,,,,
6,227,property,line,,,,,,,,,,,,,,,,,,,,,,
6,228,Diagram:,Building,placement,for,accessory,,,,,,,,,,,,,,,,,,,
6,229,building,,,,,,,,,,,,,,,,,,,,,,,
7,230,3,"DENSITY,",FORM,AND,PLACEMENT,REGULATIONS,,,,,,,,,,,,,,,,,,
7,231,This,section,contains,"density,",form,and,placement,regulations,organized,by,use.,,,,,,,,,,,,,
7,232,3.1,Multiple,"dwelling,",containing,no,more,than,8,dwelling,units,,,,,,,,,,,,,,
7,233,Multiple,dwelling,containing,no,more,than,8,dwelling,units,is,subject,to,the,following,regulations.,,,,,,,,,
7,234,3.1.1,Density,and,Floor,Area,,,,,,,,,,,,,,,,,,,
7,235,3.1.1.1,The,maximum,floor,space,ratio,is,"0.70,",except,that,the,Director,of,Planning,may,increase:,,,,,,,,
7,236,(a),the,permitted,floor,space,ratio,to,a,maximum,of,1.00,for,multiple,dwelling,containing,no,more,than,8,,,,,
7,237,dwelling,units,where,all,of,the,dwelling,units,are,secured,as,residential,rental,"tenure,",except,that,1,,,,,,,
7,238,dwelling,unit,may,be,occupied,by,a,registered,owner,of,the,site;,,,,,,,,,,,,
7,239,(b),the,permitted,floor,space,ratio,to,a,maximum,of,1.00,for,multiple,dwelling,containing,no,more,than,,,,,,
7,240,6,dwelling,units,where,at,least,1,dwelling,unit,is,developed,as,a,below-market,homeownership,,,,,,,,,
7,241,"unit,",if,a,partnering,agreement,between,the,City,and,the,BC,Housing,Management,Commission,,,,,,,,,,
7,242,that,establishes,terms,and,conditions,related,to,a,below-market,homeownership,program,has,been,,,,,,,,,,,
7,243,entered,into,and,is,in,effect;,or,,,,,,,,,,,,,,,,,
7,244,(c),the,permitted,floor,area,by,1,m2,per,amenity,share,or,per,affordable,housing,share,provided,to,the,,,,,
7,245,City,at,no,cost,to,the,"City,",to,a,maximum,floor,space,ratio,of,1.00,for,multiple,dwelling,containing,no,,,,
7,246,more,than,6,dwelling,"units,",,,,,,,,,,,,,,,,,,,
7,247,if,the,Director,of,Planning,considers,the,intent,of,this,schedule,and,all,applicable,Council,policies,and,,,,,,,
7,248,guidelines.,,,,,,,,,,,,,,,,,,,,,,,
7,249,3.1.1.2,For,the,purposes,of,this,"schedule,",below-market,homeownership,unit,means,a,dwelling,unit,with:,,,,,,,,,
7,250,(a),at,least,2,bedrooms;,and,,,,,,,,,,,,,,,,,,
7,251,(b),a,floor,area,of,not,less,than,90,"m2,",,,,,,,,,,,,,,
7,252,that,is,subject,to,a,registered,agreement,with,the,BC,Housing,Management,Commission,with,terms,that,,,,,,,,
7,253,ensure,the,dwelling,unit,will,be,sold,at,an,initial,price,of,a,minimum,of,50%,below,fair,market,value,to,,,
7,254,purchasers,that,meet,income,and,other,eligibility,criteria,as,specified,by,the,BC,Housing,Management,,,,,,,,,
7,255,Commission,in,consultation,with,the,Director,of,"Planning,",and,that,is,in,compliance,with,a,partnering,,,,,,,,
7,256,agreement,between,the,City,and,the,BC,Housing,Management,Commission.,,,,,,,,,,,,,,
7,257,3.1.1.3,Despite,section,3.1.1.1(c),"above,",the,maximum,floor,space,ratio,achievable,as,a,result,of,the,provision,of,,,,,,
7,258,amenity,shares,or,affordable,housing,shares,must,otherwise,comply,in,all,respects,with,this,schedule,and,,,,,,,,
7,259,this,by-law.,,,,,,,,,,,,,,,,,,,,,,
8,260,3.1.2,Building,Form,and,Placement,,,,,,,,,,,,,,,,,,,
8,261,Regulations,,,,,,,,,,,,,,,,,,,,,,,
8,262,3.1.2.1,Site,area,and,site,frontage,for,multiple,dwelling,containing,6,or,,,,,,,,,,,,
8,263,more,dwelling,units:,,,,,,,,,,,,,,,,,,,,,
8,264,(a),minimum,site,area,557,m²,,,,,,,,,,,,,,,,,,
8,265,(b),minimum,site,frontage,15.1,m,,,,,,,,,,,,,,,,,,
8,266,3.1.2.2,Site,area,and,site,frontage,for,multiple,dwelling,containing,5,,,,,,,,,,,,,
8,267,dwelling,units:,,,,,,,,,,,,,,,,,,,,,,
8,268,(a),minimum,site,area,464,m²,,,,,,,,,,,,,,,,,,
8,269,(b),minimum,site,frontage,13.4,m,,,,,,,,,,,,,,,,,,
8,270,3.1.2.3,Site,area,and,site,frontage,for,multiple,dwelling,containing,3,or,4,,,,,,,,,,,
8,271,dwelling,units:,,,,,,,,,,,,,,,,,,,,,,
8,272,(a),minimum,site,area,306,m²,,,,,,,,,,,,,,,,,,
8,273,(b),minimum,site,frontage,10.0,m,,,,,,,,,,,,,,,,,,
8,274,(c),maximum,site,area,for,multiple,dwelling,containing,3,dwelling,,,,,,,,,,,,,,
8,275,units4,63,m²,,,,,,,,,,,,,,,,,,,,,
8,276,(d),maximum,site,frontage,for,multiple,dwelling,containing,3,,,,,,,,,,,,,,,
8,277,dwelling,units1,3.3,m,,,,,,,,,,,,,,,,,,,,
8,278,3.1.2.4,Minimum,site,depth,for:,,,,,,,,,,,,,,,,,,,
8,279,(a),buildings,in,a,courtyard,configuration,33.5,m,,,,,,,,,,,,,,,,
8,280,(b),all,other,buildings,30.4,m,,,,,,,,,,,,,,,,,,
8,281,3.1.2.5,Maximum,building,height,for:,,,,,,,,,,,,,,,,,,,
8,282,(a),rear,buildings,8.5,m,and,2,storeys,,,,,,,,,,,,,,,,
8,283,(b),all,other,buildings,11.5,m,and,3,storeys,,,,,,,,,,,,,,,
8,284,3.1.2.6,Minimum,front,yard,depth,4.9,m,,,,,,,,,,,,,,,,,
8,285,3.1.2.7,Minimum,side,yard,width,1.2,m,,,,,,,,,,,,,,,,,
8,286,3.1.2.8,Minimum,rear,yard,depth,for:,,,,,,,,,,,,,,,,,,
8,287,(a),buildings,in,a,courtyard,configuration,0.9,m,,,,,,,,,,,,,,,,
9,288,Regulations,,,,,,,,,,,,,,,,,,,,,,,
9,289,(b),all,other,buildings,10.7,m,,,,,,,,,,,,,,,,,,
9,290,3.1.2.9,Maximum,building,depth,19.8,m,,,,,,,,,,,,,,,,,,
9,291,3.1.2.10,Maximum,building,width,17.4,m,,,,,,,,,,,,,,,,,,
9,292,3.1.2.11,Minimum,separation,between:,,,,,,,,,,,,,,,,,,,,
9,293,(a),buildings,located,on,a,site,frontage,2.4,m,,,,,,,,,,,,,,,
9,294,(b),rear,buildings,2.4,m,,,,,,,,,,,,,,,,,,,
9,295,(c),buildings,located,on,a,site,frontage,and,rear,buildings,6.1,m,,,,,,,,,,,,
9,296,Building,Depth,,,,,,,,,,,,,,,,,,,,,,
9,297,3.1.2.12,For,corner,"sites,",the,Director,of,Planning,may,,,,,,,,,,,,,,,
9,298,increase,the,maximum,building,depth,if,the,,,,,,,,,,,,,,,,,
9,299,Director,of,Planning,first,considers,the,intent,of,,,,,,,,,,,,,,,,
9,300,this,schedule,and,all,applicable,Council,policies,,,,,,,,,,,,,,,,,
9,301,and,guidelines.,,,,,,,,,,,,,,,,,,,,,,
9,302,Building,Separation,,,,,,,,,,,,,,,,,,,,,,
9,303,3.1.2.13,Minimum,separation,between,buildings,must,,,,,,,,,,,,,,,,,,
9,304,be,measured,from,the,closest,portion,of,the,,,,,,,,,,,,,,,,
9,305,exterior,walls,of,any,other,building,on,the,,,,,,,,,,,,,,,,
9,306,site.Building,,,,,,,,,,,,,,,,,,,,,,,
9,307,height,,,,,,,,,,,,,,,,,,,,,,,
9,308,Street,Lane,,,,,,,,,,,,,,,,,,,,,,
9,309,Separation,,,,,,,,,,,,,,,,,,,,,,,
9,310,between,,,,,,,,,,,,,,,,,,,,,,,
9,311,buildings,,,,,,,,,,,,,,,,,,,,,,,
9,312,Principal,,,,,,,,,,,,,,,,,,,,,,,
9,313,building,-,,,,,,,,,,,,,,,,,,,,,,
9,314,rear,building,,,,,,,,,,,,,,,,,,,,,,
9,315,Building,,,,,,,,,,,,,,,,,,,,,,,
9,316,height,,,,,,,,,,,,,,,,,,,,,,,
9,317,Property,line,Principal,,,,,,,,,,,,,,,,,,,,,
9,318,building,Diagram:,Multiple,dwelling,–,courtyard,,,,,,,,,,,,,,,,,,
9,319,configuration,,,,,,,,,,,,,,,,,,,,,,,
9,320,Lane,,,,,,,,,,,,,,,,,,,,,,,
9,321,FSR,,,,,,,,,,,,,,,,,,,,,,,
9,322,SMinimum,rear,,,,,,,,,,,,,,,,,,,,,,
9,323,yard,depth,,,,,,,,,,,,,,,,,,,,,,
9,324,Minimum,front,,,,,,,,,,,,,,,,,,,,,,
9,325,yard,depth,,,,,,,,,,,,,,,,,,,,,,
9,326,Minimum,side,,,,,,,,,,,,,,,,,,,,,,
9,327,yard,width,,,,,,,,,,,,,,,,,,,,,,
9,328,Separation,,,,,,,,,,,,,,,,,,,,,,,
9,329,between,buildings,C,,,,,,,,,,,,,,,,,,,,,
9,330,Site,depth,,,,,,,,,,,,,,,,,,,,,,
9,331,Principal,,,,,,,,,,,,,,,,,,,,,,,
9,332,building,,,,,,,,,,,,,,,,,,,,,,,
9,333,Principal,building,,,,,,,,,,,,,,,,,,,,,,
9,334,-,rear,building,,,,,,,,,,,,,,,,,,,,,
9,335,S,Side,yard,,,,,,,,,,,,,,,,,,,,,
9,336,F,Front,yard,,,,,,,,,,,,,,,,,,,,,
9,337,C,Courtyard,,,,,,,,,,,,,,,,,,,,,,
9,338,R,Rear,yard,,,,,,,,,,,,,,,,,,,,,
9,339,Property,line,,,,,,,,,,,,,,,,,,,,,,
9,340,Permitted,development,area,,,,,,,,,,,,,,,,,,,,,
9,341,Site,frontage,,,,,,,,,,,,,,,,,,,,,,
9,342,Street,,,,,,,,,,,,,,,,,,,,,,,
9,343,Diagram:,Building,placement,for,multiple,dwelling,,,,,,,,,,,,,,,,,,
9,344,in,a,courtyard,configuration,,,,,,,,,,,,,,,,,,,,
10,345,Street,,,,,,,,,,,,,,,,,,,,,,,
10,346,Lane,,,,,,,,,,,,,,,,,,,,,,,
10,347,FSR,,,,,,,,,,,,,,,,,,,,,,,
10,348,SMinimum,rear,,,,,,,,,,,,,,,,,,,,,,
10,349,yard,depth,,,,,,,,,,,,,,,,,,,,,,
10,350,Minimum,front,,,,,,,,,,,,,,,,,,,,,,
10,351,yard,depth,,,,,,,,,,,,,,,,,,,,,,
10,352,Minimum,side,,,,,,,,,,,,,,,,,,,,,,
10,353,yard,width,,,,,,,,,,,,,,,,,,,,,,
10,354,Principal,,,,,,,,,,,,,,,,,,,,,,,
10,355,building,,,,,,,,,,,,,,,,,,,,,,,
10,356,Building,,,,,,,,,,,,,,,,,,,,,,,
10,357,depth,,,,,,,,,,,,,,,,,,,,,,,
10,358,Property,line,R,Rear,yard,,,,,,,,,,,,,,,,,,,
10,359,Permitted,development,area,,,,,,,,,,,,,,,,,,,,,
10,360,F,Front,yard,,,,,,,,,,,,,,,,,,,,,
10,361,S,Side,yard,,,,,,,,,,,,,,,,,,,,,
10,362,Site,depth,,,,,,,,,,,,,,,,,,,,,,
10,363,Site,frontage,,,,,,,,,,,,,,,,,,,,,,
10,364,Diagram:,Building,placement,for,multiple,dwelling,,,,,,,,,,,,,,,,,,
10,365,on,a,smaller,site,frontage,,,,,,,,,,,,,,,,,,,
10,366,Street,,,,,,,,,,,,,,,,,,,,,,,
10,367,Lane,,,,,,,,,,,,,,,,,,,,,,,
10,368,FSR,,,,,,,,,,,,,,,,,,,,,,,
10,369,C,,,,,,,,,,,,,,,,,,,,,,,
10,370,F,Front,yard,,,,,,,,,,,,,,,,,,,,,
10,371,Property,line,,,,,,,,,,,,,,,,,,,,,,
10,372,C,Courtyard,,,,,,,,,,,,,,,,,,,,,,
10,373,R,Rear,yard,,,,,,,,,,,,,,,,,,,,,
10,374,S,Side,yard,,,,,,,,,,,,,,,,,,,,,
10,375,Principal,,,,,,,,,,,,,,,,,,,,,,,
10,376,building,,,,,,,,,,,,,,,,,,,,,,,
10,377,Principal,building,,,,,,,,,,,,,,,,,,,,,,
10,378,-,rear,building,Separation,,,,,,,,,,,,,,,,,,,,
10,379,between,,,,,,,,,,,,,,,,,,,,,,,
10,380,buildings,,,,,,,,,,,,,,,,,,,,,,,
10,381,located,on,,,,,,,,,,,,,,,,,,,,,,
10,382,a,site,,,,,,,,,,,,,,,,,,,,,,
10,383,frontage,,,,,,,,,,,,,,,,,,,,,,,
10,384,and,rear,,,,,,,,,,,,,,,,,,,,,,
10,385,buildings,,,,,,,,,,,,,,,,,,,,,,,
10,386,SSeparation,,,,,,,,,,,,,,,,,,,,,,,
10,387,between,rear,,,,,,,,,,,,,,,,,,,,,,
10,388,buildings,,,,,,,,,,,,,,,,,,,,,,,
10,389,Separation,,,,,,,,,,,,,,,,,,,,,,,
10,390,between,,,,,,,,,,,,,,,,,,,,,,,
10,391,buildings,,,,,,,,,,,,,,,,,,,,,,,
10,392,located,on,a,,,,,,,,,,,,,,,,,,,,,
10,393,site,frontage,Building,,,,,,,,,,,,,,,,,,,,,
10,394,width,,,,,,,,,,,,,,,,,,,,,,,
10,395,Principal,,,,,,,,,,,,,,,,,,,,,,,
10,396,building,,,,,,,,,,,,,,,,,,,,,,,
10,397,Principal,building,,,,,,,,,,,,,,,,,,,,,,
10,398,-,rear,building,Diagram:,Separation,between,buildings,and,,,,,,,,,,,,,,,,
10,399,building,width,for,multiple,dwelling,in,a,courtyard,,,,,,,,,,,,,,,,
10,400,configuration,on,a,wider,site,frontage,,,,,,,,,,,,,,,,,,
11,401,3.2,Other,Uses,,,,,,,,,,,,,,,,,,,,,
11,402,All,other,uses,not,regulated,by,section,3.1,of,this,schedule,are,subject,to,the,following,regulations.,,,,,,,
11,403,3.2.1,Density,and,Floor,Area,,,,,,,,,,,,,,,,,,,
11,404,3.2.1.1,The,maximum,floor,space,ratio,is,"0.60,",except,that,for,duplex,and,duplex,with,secondary,"suite,",the,,,,,,
11,405,maximum,floor,space,ratio,is,0.70.,,,,,,,,,,,,,,,,,,
11,406,3.2.1.2,Despite,section,3.2.1.1,"above,",the,Director,of,Planning,may,increase,the,permitted,floor,space,ratio,to,a,,,,,,
11,407,maximum,of:,,,,,,,,,,,,,,,,,,,,,,
11,408,(a),0.65,for,single,detached,house,and,single,detached,house,with,secondary,suite,to,facilitate,an,,,,,,,,
11,409,addition,to,a,character,house;,,,,,,,,,,,,,,,,,,,
11,410,(b),0.75,for,multiple,conversion,dwelling,to,facilitate,an,addition,to,a,character,house;,or,,,,,,,,,
11,411,(c),0.85,for,infill,in,combination,with,the,retention,of,a,character,"house,",,,,,,,,,,,
11,412,if,the,Director,of,Planning,considers,the,intent,of,this,schedule,and,all,applicable,Council,policies,and,,,,,,,
11,413,guidelines.,,,,,,,,,,,,,,,,,,,,,,,
11,414,3.2.2,Building,Form,and,Placement,,,,,,,,,,,,,,,,,,,
11,415,Regulations,,,,,,,,,,,,,,,,,,,,,,,
11,416,3.2.2.1,Minimum,site,area,for,"duplex,",duplex,with,secondary,"suite,",single,,,,,,,,,,,,,
11,417,detached,"house,",and,single,detached,house,with,secondary,suite,306,m²,,,,,,,,,,,,,
11,418,3.2.2.2,Minimum,site,frontage,for,"duplex,",duplex,with,secondary,"suite,",,,,,,,,,,,,,,
11,419,single,detached,"house,",and,single,detached,house,with,secondary,,,,,,,,,,,,,,,
11,420,suite7.3,m,,,,,,,,,,,,,,,,,,,,,,
11,421,3.2.2.3,Maximum,building,height,11.5,m,and,3,storeys,,,,,,,,,,,,,,,
11,422,3.2.2.4,Minimum,front,yard,depth,4.9,m,,,,,,,,,,,,,,,,,
11,423,3.2.2.5,Minimum,side,yard,width,1.2,m,,,,,,,,,,,,,,,,,
11,424,3.2.2.6,Minimum,rear,yard,depth,10.7,m,,,,,,,,,,,,,,,,,
11,425,3.2.2.7,Maximum,site,coverage,for,all,buildings,50%,of,the,site,area,,,,,,,,,,,,
11,426,3.2.2.8,Maximum,area,of,impermeable,materials,75%,of,the,site,area,,,,,,,,,,,,,
12,427,Site,Area,and,Site,Frontage,,,,,,,,,,,,,,,,,,,
12,428,3.2.2.9,The,Director,of,Planning,may,reduce,the,,,,,,,,,,,,,,,,
12,429,minimum,site,area,and,minimum,site,frontage,,,,,,,,,,,,,,,,,
12,430,for,a,building,containing,a,dwelling,use,if,the,,,,,,,,,,,,,,,
12,431,Director,of,Planning,is,satisfied,with,the,,,,,,,,,,,,,,,,,
12,432,liveability,of,the,dwelling,units.,,,,,,,,,,,,,,,,,,,
12,433,Building,Height,,,,,,,,,,,,,,,,,,,,,,
12,434,3.2.2.10,Despite,the,maximum,building,height,in,,,,,,,,,,,,,,,,,
12,435,section,3.2.2.3,"above,",the,third,storey,must,,,,,,,,,,,,,,,,,
12,436,be,a,partial,storey,not,exceeding,50%,of,the,,,,,,,,,,,,,,,
12,437,storey,immediately,below.,,,,,,,,,,,,,,,,,,,,,
12,438,Side,Yard,,,,,,,,,,,,,,,,,,,,,,
12,439,3.2.2.11,For,a,site,frontage,less,than,10.,1,m,in,"width,",,,,,,,,,,,,
12,440,the,Director,of,Planning,may,reduce,the,,,,,,,,,,,,,,,,,
12,441,minimum,side,yard,width,to,1.0,m.,,,,,,,,,,,,,,,,,
12,442,3.2.2.12,For,sites,less,than,7.,3,m,in,"width,",the,,,,,,,,,,,,,
12,443,minimum,side,yard,width,will,be,reduced,to,,,,,,,,,,,,,,,,
12,444,permit,the,construction,of,a,single,detached,,,,,,,,,,,,,,,,,
12,445,house,on,an,existing,lot,that,was,on,record,,,,,,,,,,,,,,,
12,446,in,the,Land,Title,Office,as,of,June,"24,","2014,",,,,,,,,,,,,,,
12,447,if,the,use,was,previously,approved,under,,,,,,,,,,,,,,,,,
12,448,issued,development,or,building,permits.,,,,,,,,,,,,,,,,,,,
12,449,Site,Coverage,and,Impermeability,,,,,,,,,,,,,,,,,,,,
12,450,3.2.2.13,Except,where,the,principal,use,of,the,site,is,a,,,,,,,,,,,,,
12,451,parking,"area,",the,maximum,site,coverage,for,,,,,,,,,,,,,,,,,
12,452,any,portion,of,the,site,used,as,a,parking,area,,,,,,,,,,,,,,
12,453,is,30%.,,,,,,,,,,,,,,,,,,,,,,
12,454,3.2.2.14,The,Director,of,Planning,may,increase,the,,,,,,,,,,,,,,,,
12,455,maximum,area,of,impermeable,materials,for,,,,,,,,,,,,,,,,,,
12,456,non-dwelling,uses,if:,,,,,,,,,,,,,,,,,,,,,
12,457,(a),there,is,a,demonstrated,need,for,,,,,,,,,,,,,,,,,
12,458,increased,paved,or,otherwise,,,,,,,,,,,,,,,,,,,,
12,459,impermeable,surface,area,to,the,,,,,,,,,,,,,,,,,,,
12,460,satisfaction,of,the,Director,of,Planning;,,,,,,,,,,,,,,,,,,
12,461,and,,,,,,,,,,,,,,,,,,,,,,,
12,462,Building,height,,,,,,,,,,,,,,,,,,,,,,
12,463,Maximum,building,height,Property,line,Diagram:,Building,height,,,,,,,,,,,,,,,,
12,464,Site,coverage=,Property,line,R,Rear,yard,,,,,,,,,,,,,,,,,
12,465,Permitted,development,area,F,Front,yard,S,Side,yard,,,,,,,,,,,,,,,
12,466,Site,frontage,,,,,,,,,,,,,,,,,,,,,,
12,467,Lane,,,,,,,,,,,,,,,,,,,,,,,
12,468,FSR,,,,,,,,,,,,,,,,,,,,,,,
12,469,SMinimum,rear,,,,,,,,,,,,,,,,,,,,,,
12,470,yard,depth,,,,,,,,,,,,,,,,,,,,,,
12,471,Minimum,front,,,,,,,,,,,,,,,,,,,,,,
12,472,yard,depth,,,,,,,,,,,,,,,,,,,,,,
12,473,Minimum,side,,,,,,,,,,,,,,,,,,,,,,
12,474,yard,width,,,,,,,,,,,,,,,,,,,,,,
12,475,Principal,,,,,,,,,,,,,,,,,,,,,,,
12,476,building,,,,,,,,,,,,,,,,,,,,,,,
12,477,Street,,,,,,,,,,,,,,,,,,,,,,,
12,478,Diagram:,Building,placement,for,principal,,,,,,,,,,,,,,,,,,,
12,479,building,,,,,,,,,,,,,,,,,,,,,,,
13,480,(b),the,Director,of,Planning,considers,the,,,,,,,,,,,,,,,,,
13,481,intent,of,this,schedule,and,all,applicable,,,,,,,,,,,,,,,,,
13,482,Council,policies,and,guidelines.,,,,,,,,,,,,,,,,,,,,
14,483,4,GENERAL,REGULATIONS,,,,,,,,,,,,,,,,,,,,,
14,484,All,uses,in,this,district,are,subject,to,the,following,regulations.,,,,,,,,,,,,,
14,485,4.1,Amenity,Shares,and,Affordable,Housing,Shares,,,,,,,,,,,,,,,,,
14,486,4.1.1,For,the,purposes,of,this,"schedule,",amenity,has,the,meaning,set,out,in,Schedule,F:,Affordable,Housing,,,,,,
14,487,Share,and,Amenity,Share,Cost,Schedule,of,this,by-law.,,,,,,,,,,,,,,,
14,488,4.1.2,For,the,purposes,of,this,"schedule,",the,cost,of,an,amenity,share,or,affordable,housing,share,is,the,amount,,,,
14,489,specified,per,m2,in,Schedule,F:,Affordable,Housing,and,Amenity,Share,Cost,Schedule,of,this,by-law,,,,,,,,
14,490,for,the,zoning,district.,,,,,,,,,,,,,,,,,,,,
14,491,4.2,Computation,of,Floor,Area,,,,,,,,,,,,,,,,,,,
14,492,4.2.1,Computation,of,floor,area,must,include:,,,,,,,,,,,,,,,,,
14,493,(a),all,"floors,",including,earthen,"floor,",measured,to,the,extreme,outer,limits,of,the,building,including,,,,,,,,
14,494,accessory,buildings;,,,,,,,,,,,,,,,,,,,,,,
14,495,(b),"stairways,",fire,"escapes,",elevator,"shafts,",and,other,features,that,the,Director,of,Planning,considers,,,,,,,,,
14,496,similar,to,the,"foregoing,",measured,by,their,gross,cross-sectional,areas,and,included,in,the,,,,,,,,,,
14,497,measurements,for,each,floor,at,which,they,are,located;,and,,,,,,,,,,,,,,
14,498,(c),where,the,distance,from,a,floor,to,the,floor,"above,",or,where,there,is,no,floor,"above,",to,the,top,of,the,
14,499,roof,"joists,",exceeds,3.7,"m,",an,amount,equal,to,the,area,of,the,floor,below,the,excess,height.,,,,,,
14,500,4.2.2,Computation,of,floor,area,must,exclude:,,,,,,,,,,,,,,,,,
14,501,(a),the,floor,area,of,a,laneway,house;,,,,,,,,,,,,,,,,
14,502,(b),for,multiple,"dwelling,",where,floors,are,used,for,off-street,parking,or,bicycle,"storage,",those,floors,or,,,,,,,
14,503,portions,thereof,that,are,contained,within,an,accessory,building,or,a,rear,"building,",provided,that:,,,,,,,,,
14,504,(i),each,parking,space,is,open,on,at,least,2,sides,and,does,not,exceed,7.,3,m,in,"length,",and,,,
14,505,(ii),bicycle,storage,to,a,maximum,of,24,m2;,,,,,,,,,,,,,,,
14,506,(c),for,all,other,"uses,",where,floors,are,used,for,off-street,"parking,",loading,and,bicycle,"storage,",those,,,,,,,
14,507,floors,or,portions,thereof,up,to,a,maximum,of,48,"m2,",that,are,located,in:,,,,,,,,,
14,508,(i),an,accessory,building,or,a,rear,"building,",,,,,,,,,,,,,,,,
14,509,(ii),a,principal,building,where,a,site,has,no,developed,secondary,"access,",or,,,,,,,,,,,
14,510,(iii),a,principal,building,on,a,corner,site,where,the,rear,property,line,of,a,site,"adjoins,",without,the,,,,,
14,511,intervention,of,a,"lane,",the,side,yard,of,a,site,in,an,R,"district,",,,,,,,,,,
14,512,provided,that,each,parking,space,does,not,exceed,7.,3,m,in,length;,,,,,,,,,,,
15,513,(d),for,multiple,"dwelling,",floors,or,portions,thereof,that,are,used,for,heating,and,mechanical,"equipment,",or,,,,,,,
15,514,uses,that,the,Director,of,Planning,considers,similar,to,the,"foregoing,",up,to,a,maximum,of,3.7,m2,per,,,,,
15,515,dwelling,unit;,,,,,,,,,,,,,,,,,,,,,,
15,516,(e),patios,and,roof,"decks,",if,the,Director,of,Planning,considers,the,impact,on,privacy,and,overlook;,,,,,,,
15,517,(f),balconies,and,"decks,",and,any,other,appurtenances,that,the,Director,of,Planning,considers,similar,to,,,,,,,,
15,518,the,"foregoing,",provided,that,the,total,area,of,these,exclusions,does,not,exceed:,,,,,,,,,,,
15,519,(i),12%,of,the,permitted,floor,area,for,multiple,"dwelling,",and,,,,,,,,,,,,,
15,520,(ii),8%,of,the,permitted,floor,area,for,all,other,uses;,,,,,,,,,,,,,
15,521,(g),"entries,",porches,and,"verandahs,",and,covered,porches,above,the,first,"storey,",if:,,,,,,,,,,,
15,522,(i),they,are,open,or,protected,by,guards,that,do,not,exceed,the,required,minimum,"height,",,,,,,,,
15,523,(ii),the,total,area,of,these,"exclusions,",when,combined,with,the,balcony,and,deck,exclusions,under,,,,,,,,
15,524,section,4.2.2(f),"above,",does,not,exceed:,,,,,,,,,,,,,,,,,,
15,525,(A),16%,of,the,permitted,floor,area,for,multiple,"dwelling,",or,,,,,,,,,,,,,
15,526,(B),13%,of,the,permitted,floor,area,for,all,other,"uses,",,,,,,,,,,,,,
15,527,(iii),the,depth,of,the,total,area,being,excluded,for,covered,porches,above,the,first,storey,does,not,,,,,,
15,528,exceed,1.8,"m,",and,,,,,,,,,,,,,,,,,,,,
15,529,(iv),the,ceiling,"height,",excluding,roof,"structure,",of,the,total,area,being,excluded,does,not,exceed,,,,,,,,
15,530,3.1,m,measured,from,the,"entry,",porch,or,verandah,floor;,,,,,,,,,,,,,,
15,531,(h),unconditioned,floor,areas,with,a,ceiling,height,or,height,to,the,underside,of,joists,of,less,than,2.0,"m,",,,,
15,532,located,below,the,floors,of,"entries,",porches,and,verandahs,complying,with,section,4.2.2(g),"above,",to,,,,,,,,,
15,533,which,there,is,no,access,from,the,interior,of,the,building;,,,,,,,,,,,,,
15,534,(i),areas,of,floors,"existing,",proposed,or,as,may,be,extended,over,open-to-below,space,located,directly,,,,,,,,
15,535,below,sloping,roof,rafters,or,a,sloping,ceiling,where,the,ceiling,is,directly,attached,to,the,underside,,,,,,,
15,536,of,sloping,roof,"rafters,",and,where,the,roof,joists,have,a,minimum,7:12,pitch,and,the,related,ceiling,,,,,,
15,537,maintains,the,same,pitch,as,the,roof,"joists,",if:,,,,,,,,,,,,,,,
15,538,(i),the,distance,from,the,floor,to,any,part,of,the,roof,rafters,or,ceiling,is,no,higher,than,2.,3,m,and,no
15,539,lower,than,1.2,"m,",both,measured,"vertically,",and,,,,,,,,,,,,,,,,
15,540,(ii),the,excluded,floor,area,does,not,exceed,10%,of,the,permitted,total,floor,"area,",,,,,,,,,
15,541,and,despite,the,definition,of,“partial,storey”,in,Section,2,of,this,"by-law,",for,the,purposes,of,this,,,,,,
15,542,schedule,the,maximum,permitted,floor,area,contained,in,a,partial,storey,must,not,include,floor,area,,,,,,,,
15,543,excluded,in,this,section,4.2.2(i);,,,,,,,,,,,,,,,,,,,
15,544,(j),areas,of,undeveloped,floors,that,are,located:,,,,,,,,,,,,,,,,
15,545,(i),above,the,highest,storey,or,partial,"storey,",and,to,which,there,is,no,permanent,means,of,access,,,,,,
15,546,other,than,a,"hatch,",or,,,,,,,,,,,,,,,,,,,
16,547,(ii),adjacent,to,a,storey,or,partial,storey,with,a,ceiling,height,of,less,than,1.2,m;,,,,,,,
16,548,(k),floors,located,at,or,below,finished,grade,with,a,ceiling,height,of,less,than,1.2,m;,,,,,,,
16,549,(l),despite,section,4.2.1(b),"above,",for,multiple,"dwelling,",where,a,dwelling,unit,is,located,above,another,,,,,,,,
16,550,dwelling,unit,in,a,multiple,"dwelling,",an,area,of,7.5,m2,per,dwelling,unit,for,an,internal,stairway,that,,,,,
16,551,provides,access,to,the,upper,dwelling,unit,and,the,area,located,immediately,below,the,internal,,,,,,,,,
16,552,stairway;,and,,,,,,,,,,,,,,,,,,,,,,
16,553,(m),child,day,care,facilities,to,a,maximum,floor,area,of,10%,of,the,permitted,floor,"area,",if,the,Director,of,,,
16,554,Planning,is,satisfied,that,there,is,a,need,for,a,child,day,care,facility,in,the,immediate,neighbourhood.,,,,,,
16,555,4.3,Measurements,,,,,,,,,,,,,,,,,,,,,,
16,556,4.3.1,Where,a,building,line,has,been,established,pursuant,to,section,8.1.2,of,this,"by-law,",such,building,line,will,,,,,
16,557,be,deemed,to,be,the,southerly,boundary,of,any,required,rear,yard,on,lands,described,in,“Plan,A”,of,Part,III,,,
16,558,of,Schedule,E,to,this,"by-law,",despite,any,dimension,contained,herein.,,,,,,,,,,,,,
16,559,4.3.2,The,maximum,area,of,impermeable,materials,includes,site,coverage,for,all,buildings.,,,,,,,,,,,
16,560,4.3.3,For,the,purposes,of,section,3.1,of,this,"schedule,",building,depth,means,the,maximum,distance,from,the,,,,,,
16,561,front,exterior,wall,to,the,rear,exterior,"wall,",except,that,balconies,and,"entries,",porches,and,verandahs,that,,,,,,,
16,562,comply,with,Section,10,of,this,by-law,and,sections,4.2.2(f),and,4.2.2(g),of,this,schedule,may,be,excluded,,,,,,
16,563,from,the,measurement,of,building,depth.,,,,,,,,,,,,,,,,,,
16,564,4.4,External,Design,,,,,,,,,,,,,,,,,,,,,
16,565,4.4.1,No,portion,of,the,basement,or,cellar,may,project,horizontally,beyond,the,perimeter,of,the,first,"storey,",,,,,,
16,566,including,"entries,",porches,and,verandahs.,,,,,,,,,,,,,,,,,,,
16,567,4.4.2,The,surface,of,the,ground,adjoining,a,building,may,be,lowered,only,for,the,purpose,of,providing:,,,,,,
16,568,(a),a,window,well,for,a,basement,or,a,"cellar,",if,the,lowered,surface,does,not,extend,more,than,1.,0,m,from,
16,569,the,surface,of,a,wall;,,,,,,,,,,,,,,,,,,,
16,570,(b),a,sunken,entrance,for,a,"basement,",if:,,,,,,,,,,,,,,,,
16,571,(i),the,portion,of,the,building,abutting,the,lowered,surface,faces,either,the,front,street,or,the,rear,,,,,,
16,572,property,"line,",,,,,,,,,,,,,,,,,,,,,,
16,573,(ii),the,lowered,surface,does,not,extend,more,than,3.,1,m,into,the,required,front,or,rear,"yard,",,,,,
16,574,measured,from,the,street-facing,wall,and,including,stair,runs,or,vertical,change,in,grade,,,,,,,,,,
16,575,between,the,basement,and,the,existing,"grade,",and,,,,,,,,,,,,,,,,
16,576,(iii),the,sum,of,the,widths,of,all,lowered,surfaces,abutting,the,building,is,not,greater,than,half,the,,,,,
16,577,building,width,or,4.6,"m,",whichever,is,the,lesser;,or,,,,,,,,,,,,,,
16,578,(c),a,sunken,entrance,for,a,cellar,in,buildings,existing,prior,to,June,"23,","2020,",if:,,,,,,,,
17,579,(i),it,complies,with,section,4.4.2(b),"above,",and,,,,,,,,,,,,,,,,
17,580,(ii),the,depth,of,the,lowered,surface,does,not,exceed,1.,8,m,below,the,average,finished,"grade,",,,,,,
17,581,except,that,the,Director,of,Planning,may,vary,the,requirements,of,this,section,4.4.2,"if,",in,the,opinion,of,the,,,,
17,582,Director,of,"Planning,",the,design,meets,the,intent,of,the,regulations,for,quality,and,durability,of,design,and,,,,,,
17,583,architectural,expression.,,,,,,,,,,,,,,,,,,,,,,
17,584,4.4.3,Exterior,window,s,in,a,secondary,suite,or,lock-off,unit,must,have,a,minimum,total,glazing,area,of:,,,,,
17,585,(a),10%,of,the,total,floor,area,of,the,"room,",in,each,of,the,"kitchen,",living,room,and,dining,room;,and,,,
17,586,(b),5%,of,the,total,floor,area,of,the,"room,",in,all,other,"rooms,",except,bathrooms,and,laundry,rooms.,,,,,
17,587,4.4.4,For,multiple,"dwelling,",no,exterior,stairway,can,exceed,the,length,of,2.4,m.,,,,,,,,,,
17,588,4.4.5,For,multiple,"dwelling,",a,minimum,area,of,7.4,m2,per,dwelling,unit,must,be,provided,in,the,form,of,,,,
17,589,"balconies,","decks,",roof,"decks,","patios,",or,other,outdoor,spaces,to,the,satisfaction,of,the,Director,of,Planning.,,,,,,,
